ayhan = ayhan <ayhan@bistel.co.kr>
bnyou = bnyou <bnyou@bistel.co.kr>
bskwon = bskwon <bskwon@bistel.co.kr>
dkshin = dkshin <dkshin@bistel.co.kr>
dypark = dypark <dypark@bistel.co.kr>
enkim = enkim <enkim@bistel.co.kr>
hj_lim = hj_lim <hj_lim@bistel.co.kr>
hrpark = hrpark <hrpark@bistel.co.kr>
hskim = hskim <hskim@bistel.co.kr>
hwkang = hwkang <hwkang@bistel.co.kr>
jdjang = jdjang <jdjang@bistel.co.kr>
jgryu = jgryu <jgryu@bistel.co.kr>
jh_lee = jh_lee <jh_lee@bistel.co.kr>
jk_kim = jk_kim <jk_kim@bistel.co.kr>
jspark = jspark <jspark@bistel.co.kr>
jwjo = jwjo <jwjo@bistel.co.kr>
jwjung = jwjung <jwjung@bistel.co.kr>
kblee = kblee <kblee@bistel.co.kr>
khyoon = khyoon <khyoon@bistel.co.kr>
kslee = kslee <kslee@bistel.co.kr>
kyjung = kyjung <kyjung@bistel.co.kr>
mckim = mckim <mckim@bistel.co.kr>
mjpark = mjpark <mjpark@bistel.co.kr>
mkpark = mkpark <mkpark@bistel.co.kr>
msyoon = msyoon <msyoon@bistel.co.kr>
myyouk = myyouk <myyouk@bistel.co.kr>
sachoi = sachoi <sachoi@bistel.co.kr>
sh_kim = sh_kim <sh_kim@bistel.co.kr>
shha = shha <shha@bistel.co.kr>
shji = shji <shji@bistel.co.kr>
sj_kim = sj_kim <sj_kim@bistel.co.kr>
sj_park = sj_park <sj_park@bistel.co.kr>
slsong = slsong <slsong@bistel.co.kr>
sm_kim = sm_kim <sm_kim@bistel.co.kr>
sykim = sykim <sykim@bistel.co.kr>
wwjung = wwjung <wwjung@bistel.co.kr>
wyjung = wyjung <wyjung@bistel.co.kr>
ywchoi = ywchoi <ywchoi@bistel.co.kr>
